"Data","Último","Abertura","Máxima","Mínima","Var%"
"17.06.2025","5,302","5,302","5,302","5,302","-0,94%"
"16.06.2025","5,352","5,352","5,352","5,352","-1,97%"
"13.06.2025","5,459","5,459","5,459","5,354","1,97%"
"12.06.2025","5,354","5,354","5,354","5,354","1,76%"
"11.06.2025","5,261","5,261","5,277","5,261","-0,29%"
"10.06.2025","5,277","5,277","5,277","5,277","-0,70%"
"09.06.2025","5,314","5,314","5,314","5,314","-0,08%"
"06.06.2025","5,318","5,318","5,365","5,318","-0,88%"
"05.06.2025","5,365","5,365","5,365","5,365","-1,34%"
"04.06.2025","5,438","5,438","5,438","5,438","0,02%"
"03.06.2025","5,438","5,438","5,438","5,438","-1,02%"
"02.06.2025","5,493","5,493","5,493","5,493","2,26%"
"30.05.2025","5,372","5,372","5,372","5,368","0,08%"
"29.05.2025","5,368","5,368","5,368","5,368","-0,02%"
"28.05.2025","5,369","5,369","5,369","5,369","0,52%"
"27.05.2025","5,341","5,341","5,341","5,341","-2,19%"
"26.05.2025","5,461","5,461","5,461","5,461","-0,56%"
"23.05.2025","5,491","5,491","5,491","5,321","3,21%"
"22.05.2025","5,321","5,321","5,321","5,321","-0,89%"
"21.05.2025","5,369","5,369","5,369","5,369","0,81%"
"20.05.2025","5,326","5,326","5,326","5,326","1,66%"
"19.05.2025","5,239","5,239","5,239","5,193","0,87%"
"16.05.2025","5,193","5,193","5,193","5,193","-0,17%"
"15.05.2025","5,202","5,202","5,202","5,202","1,64%"
"14.05.2025","5,118","5,118","5,118","5,118","-2,11%"
"13.05.2025","5,228","5,228","5,228","5,228","-0,38%"
"12.05.2025","5,248","5,248","5,248","5,248","-2,96%"
"09.05.2025","5,408","5,408","5,408","5,408","0,54%"
"08.05.2025","5,379","5,379","5,379","5,379","-3,44%"
"07.05.2025","5,571","5,571","5,571","5,571","-0,62%"
"06.05.2025","5,606","5,606","5,606","5,606","4,30%"
"05.05.2025","5,375","5,375","5,375","5,375","2,67%"
"02.05.2025","5,235","5,235","5,235","5,235","-2,66%"
"30.04.2025","5,378","5,378","5,378","5,378","-0,19%"
"29.04.2025","5,388","5,388","5,388","5,388","-0,79%"
"28.04.2025","5,431","5,431","5,431","5,431","1,20%"
"25.04.2025","5,367","5,367","5,438","5,367","-1,31%"
"24.04.2025","5,438","5,438","5,438","5,438","1,40%"
"23.04.2025","5,363","5,363","5,363","5,363","-4,71%"
"22.04.2025","5,628","5,628","5,628","5,579","0,87%"
"17.04.2025","5,579","5,579","5,579","5,579","-0,97%"
"16.04.2025","5,634","5,634","5,634","5,634","3,41%"
"15.04.2025","5,448","5,448","5,448","5,448","0,92%"
"14.04.2025","5,398","5,398","5,398","5,398","-1,10%"
"11.04.2025","5,458","5,458","5,458","5,380","1,45%"
"10.04.2025","5,380","5,380","5,380","5,380","0,65%"
"09.04.2025","5,345","5,345","5,345","5,345","5,14%"
"08.04.2025","5,084","5,084","5,084","5,084","1,38%"
"07.04.2025","5,015","5,015","5,015","5,015","-0,17%"
"04.04.2025","5,023","5,023","5,023","5,023","0,20%"
"03.04.2025","5,013","5,013","5,013","5,013","-2,86%"
"02.04.2025","5,160","5,160","5,160","5,160","0,42%"
"01.04.2025","5,139","5,139","5,139","5,139","-0,78%"
"31.03.2025","5,179","5,179","5,179","5,179","0,75%"
"28.03.2025","5,141","5,141","5,141","5,085","1,10%"
"27.03.2025","5,085","5,085","5,085","5,085","1,52%"
"26.03.2025","5,009","5,009","5,009","5,009","0,43%"
"25.03.2025","4,987","4,987","4,987","4,987","-0,38%"
"24.03.2025","5,006","5,006","5,006","5,006","0,09%"
"21.03.2025","5,002","5,002","5,002","4,985","0,34%"
"20.03.2025","4,985","4,985","4,985","4,985","0,03%"
"19.03.2025","4,983","4,983","4,983","4,983","-0,34%"
"18.03.2025","5,000","5,000","5,000","5,000","0,75%"
"17.03.2025","4,962","4,962","4,962","4,962","-0,43%"
"14.03.2025","4,984","4,984","4,984","4,984","-0,92%"
"13.03.2025","5,030","5,030","5,030","5,030","1,29%"
"12.03.2025","4,966","4,966","4,966","4,966","0,77%"
"11.03.2025","4,928","4,928","4,928","4,928","1,47%"
"10.03.2025","4,856","4,856","4,856","4,856","-0,09%"
"07.03.2025","4,861","4,861","4,861","4,861","-0,08%"
"06.03.2025","4,865","4,865","4,865","4,865","-0,72%"
"05.03.2025","4,900","4,900","4,900","4,900","0,12%"
"26.02.2025","4,894","4,894","4,894","4,894","0,37%"
"25.02.2025","4,876","4,876","4,876","4,876","-0,62%"
"24.02.2025","4,906","4,906","4,906","4,906","0,75%"
"21.02.2025","4,870","4,870","4,870","4,870","-0,08%"
"20.02.2025","4,874","4,874","4,874","4,874","0,56%"
"19.02.2025","4,847","4,847","4,847","4,847","-0,25%"
"18.02.2025","4,859","4,859","4,859","4,859","1,43%"
"17.02.2025","4,790","4,790","4,790","4,790","-0,31%"
"14.02.2025","4,805","4,805","4,805","4,805","-2,37%"
"13.02.2025","4,922","4,922","4,922","4,922","0,71%"
"12.02.2025","4,887","4,887","4,887","4,887","-0,26%"
"11.02.2025","4,900","4,900","4,900","4,900","-0,09%"
"10.02.2025","4,904","4,904","4,904","4,904","2,11%"
"07.02.2025","4,803","4,803","4,803","4,803","-0,14%"
"06.02.2025","4,810","4,810","4,810","4,810","-0,82%"
"05.02.2025","4,850","4,850","4,850","4,850","0,73%"
"04.02.2025","4,815","4,815","4,815","4,815","-0,66%"
"03.02.2025","4,847","4,847","4,847","4,847","1,48%"
"31.01.2025","4,776","4,776","4,776","4,776","-1,58%"
"30.01.2025","4,853","4,853","4,853","4,853","2,61%"
"29.01.2025","4,730","4,730","4,730","4,730","-0,62%"
"28.01.2025","4,759","4,759","4,759","4,759","0,46%"
"27.01.2025","4,738","4,738","4,738","4,738","-0,88%"
"24.01.2025","4,780","4,780","4,780","4,780","-0,28%"
"23.01.2025","4,793","4,793","4,793","4,793","-0,67%"
"22.01.2025","4,826","4,826","4,826","4,826","-0,87%"
"21.01.2025","4,868","4,868","4,868","4,868","0,19%"
"20.01.2025","4,859","4,859","4,859","4,859","-0,18%"
"17.01.2025","4,867","4,867","4,867","4,867","0,40%"
"16.01.2025","4,848","4,848","4,848","4,848","1,14%"
"15.01.2025","4,794","4,794","4,794","4,794","0,84%"
"14.01.2025","4,754","4,754","4,754","4,754","-0,54%"
"13.01.2025","4,779","4,779","4,779","4,779","-1,18%"
"10.01.2025","4,836","4,836","4,836","4,836","1,03%"
"09.01.2025","4,787","4,787","4,787","4,787","-0,01%"
"08.01.2025","4,787","4,787","4,787","4,787","1,24%"
"07.01.2025","4,729","4,729","4,729","4,729","0,07%"
"06.01.2025","4,725","4,725","4,725","4,725","-1,00%"
"03.01.2025","4,773","4,773","4,773","4,773","-1,38%"
"02.01.2025","4,840","4,840","4,840","4,840","1,33%"
"31.12.2024","4,776","4,776","4,776","4,776","0,88%"
"30.12.2024","4,735","4,735","4,735","4,735","-0,08%"
"27.12.2024","4,739","4,739","4,739","4,739","-0,28%"
"26.12.2024","4,752","4,752","4,752","4,752","1,20%"
"24.12.2024","4,696","4,696","4,696","4,696","-0,11%"
"23.12.2024","4,701","4,701","4,701","4,701","0,73%"
"20.12.2024","4,667","4,667","4,667","4,667","-0,34%"
"19.12.2024","4,683","4,683","4,683","4,683","-1,33%"
"18.12.2024","4,746","4,746","4,746","4,746","-0,40%"
"17.12.2024","4,765","4,765","4,765","4,765","1,67%"
"16.12.2024","4,687","4,687","4,687","4,687","0,00%"
"13.12.2024","4,686","4,686","4,686","4,686","0,48%"
"12.12.2024","4,664","4,664","4,664","4,664","-3,19%"
"11.12.2024","4,818","4,818","4,818","4,818","1,00%"
"10.12.2024","4,770","4,770","4,770","4,770","1,16%"
"09.12.2024","4,715","4,715","4,715","4,715","1,47%"
"06.12.2024","4,647","4,647","4,647","4,647","1,21%"
"05.12.2024","4,591","4,591","4,591","4,591","-2,21%"
"04.12.2024","4,695","4,695","4,695","4,695","0,13%"
"03.12.2024","4,689","4,689","4,689","4,689","0,49%"
"02.12.2024","4,666","4,666","4,666","4,666","-0,66%"
"29.11.2024","4,697","4,697","4,697","4,697","1,73%"
"28.11.2024","4,617","4,617","4,617","4,617","2,77%"
"27.11.2024","4,493","4,493","4,493","4,493","1,26%"
"26.11.2024","4,437","4,437","4,437","4,437","-0,94%"
"25.11.2024","4,479","4,479","4,479","4,479","-3,70%"
"22.11.2024","4,651","4,651","4,651","4,651","1,32%"
"21.11.2024","4,591","4,591","4,591","4,591","2,44%"
"19.11.2024","4,481","4,481","4,481","4,481","0,88%"
"18.11.2024","4,442","4,442","4,442","4,442","1,13%"
"14.11.2024","4,392","4,392","4,392","4,392","-0,23%"
"13.11.2024","4,403","4,403","4,403","4,403","-0,73%"
"12.11.2024","4,435","4,435","4,435","4,435","-0,92%"
"11.11.2024","4,476","4,476","4,476","4,476","-2,29%"
"08.11.2024","4,581","4,581","4,581","4,581","1,40%"
"07.11.2024","4,518","4,518","4,518","4,518","-0,70%"
"06.11.2024","4,550","4,550","4,550","4,550","-2,99%"
"05.11.2024","4,690","4,690","4,690","4,690","0,04%"
"04.11.2024","4,688","4,688","4,688","4,688","-0,40%"
"01.11.2024","4,707","4,707","4,707","4,707","0,51%"
"31.10.2024","4,683","4,683","4,683","4,683","-1,89%"
"30.10.2024","4,773","4,773","4,773","4,773","1,87%"
"29.10.2024","4,685","4,685","4,685","4,685","1,18%"
"28.10.2024","4,631","4,631","4,631","4,631","0,08%"
"25.10.2024","4,627","4,627","4,627","4,627","0,00%"
"24.10.2024","4,627","4,627","4,627","4,627","0,62%"
"23.10.2024","4,599","4,599","4,599","4,599","-0,78%"
"22.10.2024","4,635","4,635","4,635","4,635","0,58%"
"21.10.2024","4,608","4,608","4,608","4,608","1,05%"
"18.10.2024","4,560","4,560","4,560","4,560","0,69%"
"17.10.2024","4,529","4,529","4,529","4,529","0,63%"
"16.10.2024","4,500","4,500","4,500","4,500","1,14%"
"15.10.2024","4,450","4,450","4,450","4,450","1,11%"
"14.10.2024","4,401","4,401","4,401","4,401","-0,83%"
"11.10.2024","4,437","4,437","4,437","4,437","2,30%"
"10.10.2024","4,338","4,338","4,338","4,338","0,67%"
"09.10.2024","4,309","4,309","4,309","4,309","0,64%"
"08.10.2024","4,281","4,281","4,281","4,281","-0,12%"
"07.10.2024","4,286","4,286","4,286","4,286","-0,18%"
"04.10.2024","4,294","4,294","4,294","4,294","-0,74%"
"03.10.2024","4,326","4,326","4,326","4,326","1,42%"
"02.10.2024","4,265","4,265","4,265","4,265","-1,20%"
"01.10.2024","4,317","4,317","4,317","4,317","1,28%"
"30.09.2024","4,263","4,263","4,263","4,263","-0,24%"
"27.09.2024","4,273","4,273","4,273","4,273","-1,00%"
"26.09.2024","4,316","4,316","4,316","4,316","-0,22%"
"25.09.2024","4,326","4,326","4,326","4,326","0,36%"
"24.09.2024","4,310","4,310","4,310","4,310","-0,45%"
"23.09.2024","4,330","4,330","4,330","4,330","1,51%"
"20.09.2024","4,265","4,265","4,265","4,265","2,38%"
"19.09.2024","4,166","4,166","4,166","4,166","-0,46%"
"18.09.2024","4,185","4,185","4,185","4,185","-0,21%"
"17.09.2024","4,194","4,194","4,194","4,194","-1,02%"
"16.09.2024","4,237","4,237","4,237","4,237","-1,02%"
"13.09.2024","4,280","4,280","4,280","4,280","-0,34%"
"12.09.2024","4,295","4,295","4,295","4,295","1,85%"
"11.09.2024","4,217","4,217","4,217","4,217","0,21%"
"10.09.2024","4,208","4,208","4,208","4,208","0,71%"
"09.09.2024","4,178","4,178","4,178","4,178","1,06%"
"06.09.2024","4,134","4,134","4,134","4,134","-1,38%"
"05.09.2024","4,192","4,192","4,192","4,192","0,13%"
"04.09.2024","4,187","4,187","4,187","4,187","0,37%"
"03.09.2024","4,172","4,172","4,172","4,172","-0,20%"
"02.09.2024","4,180","4,180","4,180","4,180","-0,60%"
"30.08.2024","4,205","4,205","4,205","4,205","-0,94%"
"29.08.2024","4,245","4,245","4,245","4,245","2,84%"
"28.08.2024","4,128","4,128","4,128","4,128","0,03%"
"27.08.2024","4,126","4,126","4,126","4,126","0,00%"
"26.08.2024","4,126","4,126","4,126","4,126","-0,28%"
"23.08.2024","4,138","4,138","4,138","4,138","0,71%"
"22.08.2024","4,108","4,108","4,108","4,108","0,27%"
"21.08.2024","4,097","4,097","4,097","4,097","0,18%"
"20.08.2024","4,090","4,090","4,090","4,090","1,01%"
"19.08.2024","4,049","4,049","4,049","4,049","-0,62%"
"16.08.2024","4,074","4,074","4,074","4,074","1,87%"
"15.08.2024","4,000","4,000","4,000","4,000","0,82%"
"14.08.2024","3,967","3,967","3,967","3,967","-1,88%"
"13.08.2024","4,043","4,043","4,043","4,043","0,09%"
"12.08.2024","4,039","4,039","4,039","4,039","0,90%"
"09.08.2024","4,003","4,003","4,003","4,003","-1,55%"
"08.08.2024","4,066","4,066","4,066","4,066","1,47%"
"07.08.2024","4,007","4,007","4,007","4,007","-0,77%"
"06.08.2024","4,038","4,038","4,038","4,038","-2,56%"
"05.08.2024","4,144","4,144","4,144","4,144","-0,57%"
"02.08.2024","4,168","4,168","4,168","4,168","0,79%"
"01.08.2024","4,135","4,135","4,135","4,135","0,44%"
"31.07.2024","4,117","4,117","4,117","4,117","1,06%"
"30.07.2024","4,074","4,074","4,074","4,074","1,23%"
"29.07.2024","4,025","4,025","4,025","4,025","-0,17%"
"26.07.2024","4,032","4,032","4,032","4,032","1,31%"
"25.07.2024","3,980","3,980","3,980","3,980","-2,52%"
"24.07.2024","4,083","4,083","4,083","4,083","1,34%"
"23.07.2024","4,029","4,029","4,029","4,029","0,92%"
"22.07.2024","3,992","3,992","3,992","3,992","-0,09%"
"19.07.2024","3,996","3,996","3,996","3,996","-2,16%"
"18.07.2024","4,084","4,084","4,084","4,084","1,25%"
"17.07.2024","4,033","4,033","4,033","4,033","0,45%"
"16.07.2024","4,015","4,015","4,015","4,015","1,13%"
"15.07.2024","3,970","3,970","3,970","3,970","0,42%"
"12.07.2024","3,954","3,954","3,954","3,954","0,79%"
"11.07.2024","3,923","3,923","3,923","3,923","2,15%"
"10.07.2024","3,840","3,840","3,840","3,840","-0,30%"
"09.07.2024","3,852","3,852","3,852","3,852","-0,45%"
"08.07.2024","3,869","3,869","3,869","3,869","-1,98%"
"05.07.2024","3,947","3,947","3,947","3,947","1,51%"
"04.07.2024","3,889","3,889","3,889","3,889","-1,93%"
"03.07.2024","3,965","3,965","3,965","3,965","0,09%"
"02.07.2024","3,962","3,962","3,962","3,962","1,22%"
"01.07.2024","3,914","3,914","3,914","3,914","0,54%"
"28.06.2024","3,893","3,893","3,893","3,893","0,81%"
"27.06.2024","3,862","3,862","3,862","3,862","1,31%"
"26.06.2024","3,812","3,812","3,812","3,812","0,75%"
"25.06.2024","3,784","3,784","3,784","3,784","-0,05%"
"24.06.2024","3,786","3,786","3,786","3,786","-0,21%"
"21.06.2024","3,794","3,794","3,794","3,794","-1,35%"
"20.06.2024","3,845","3,845","3,845","3,845","0,22%"
"19.06.2024","3,837","3,837","3,837","3,837","1,09%"
"18.06.2024","3,795","3,795","3,795","3,795","0,68%"
"17.06.2024","3,770","3,770","3,770","3,770","0,07%"
"14.06.2024","3,767","3,767","3,767","3,767","0,71%"
"13.06.2024","3,740","3,740","3,740","3,740","-1,43%"
"12.06.2024","3,795","3,795","3,795","3,795","1,95%"
"11.06.2024","3,722","3,722","3,722","3,722","1,41%"
"07.06.2024","3,670","3,670","3,670","3,670","-2,58%"
"06.06.2024","3,768","3,768","3,768","3,768","0,34%"
"05.06.2024","3,755","3,755","3,755","3,755","1,52%"
"04.06.2024","3,699","3,699","3,699","3,699","-0,34%"
"03.06.2024","3,711","3,711","3,711","3,711","0,93%"
"31.05.2024","3,677","3,677","3,677","3,677","0,07%"
"29.05.2024","3,674","3,674","3,674","3,674","0,20%"
"28.05.2024","3,667","3,667","3,667","3,667","0,63%"
"27.05.2024","3,644","3,644","3,644","3,644","0,39%"
"24.05.2024","3,630","3,630","3,630","3,630","-0,07%"
"23.05.2024","3,633","3,633","3,633","3,633","-2,55%"
"22.05.2024","3,728","3,728","3,728","3,728","-0,48%"
"21.05.2024","3,746","3,746","3,746","3,746","-0,64%"
"20.05.2024","3,770","3,770","3,770","3,770","0,76%"
"17.05.2024","3,742","3,742","3,742","3,742","1,16%"
"16.05.2024","3,699","3,699","3,699","3,699","-0,72%"
"15.05.2024","3,725","3,725","3,725","3,725","1,67%"
"14.05.2024","3,664","3,664","3,664","3,664","0,63%"
"13.05.2024","3,641","3,641","3,641","3,641","-1,49%"
"10.05.2024","3,696","3,696","3,696","3,696","1,30%"
"09.05.2024","3,649","3,649","3,649","3,649","2,21%"
"08.05.2024","3,570","3,570","3,570","3,570","0,48%"
"07.05.2024","3,553","3,553","3,553","3,553","-0,55%"
"06.05.2024","3,573","3,573","3,573","3,573","1,13%"
"03.05.2024","3,533","3,533","3,533","3,533","-1,08%"
"02.05.2024","3,572","3,572","3,572","3,572","-0,76%"
"30.04.2024","3,599","3,599","3,599","3,599","-1,28%"
"29.04.2024","3,646","3,646","3,646","3,646","0,40%"
"26.04.2024","3,631","3,631","3,631","3,631","-0,77%"
"25.04.2024","3,660","3,660","3,660","3,660","0,35%"
"24.04.2024","3,647","3,647","3,647","3,647","-0,23%"
"23.04.2024","3,655","3,655","3,655","3,655","-0,99%"
"22.04.2024","3,692","3,692","3,692","3,692","-3,25%"
"19.04.2024","3,816","3,816","3,816","3,816","0,19%"
"18.04.2024","3,808","3,808","3,808","3,808","0,49%"
"17.04.2024","3,790","3,790","3,790","3,790","-1,12%"
"16.04.2024","3,833","3,833","3,833","3,833","2,79%"
"15.04.2024","3,729","3,729","3,729","3,729","1,12%"
"12.04.2024","3,688","3,688","3,688","3,688","1,24%"
"11.04.2024","3,642","3,642","3,642","3,642","1,25%"
"10.04.2024","3,597","3,597","3,597","3,597","0,54%"
"09.04.2024","3,578","3,578","3,578","3,578","0,05%"
"08.04.2024","3,576","3,576","3,576","3,576","-0,20%"
"05.04.2024","3,583","3,583","3,583","3,583","2,22%"
"04.04.2024","3,506","3,506","3,506","3,506","-1,26%"
"03.04.2024","3,550","3,550","3,550","3,550","1,98%"
"02.04.2024","3,481","3,481","3,481","3,481","0,99%"
"01.04.2024","3,447","3,447","3,447","3,447","2,01%"
"28.03.2024","3,379","3,379","3,379","3,379","1,39%"
"27.03.2024","3,333","3,333","3,333","3,333","0,64%"
"26.03.2024","3,312","3,312","3,312","3,312","-0,02%"
"25.03.2024","3,312","3,312","3,312","3,312","0,71%"
"22.03.2024","3,289","3,289","3,289","3,289","-1,04%"
"21.03.2024","3,324","3,324","3,324","3,324","0,51%"
"20.03.2024","3,307","3,307","3,307","3,307","-0,44%"
"19.03.2024","3,322","3,322","3,322","3,322","0,26%"
"18.03.2024","3,313","3,313","3,313","3,313","0,53%"
"15.03.2024","3,295","3,295","3,295","3,295","0,07%"
"14.03.2024","3,293","3,293","3,293","3,293","-0,73%"
"13.03.2024","3,317","3,317","3,317","3,317","0,70%"
"12.03.2024","3,294","3,294","3,294","3,294","-1,02%"
"11.03.2024","3,328","3,328","3,328","3,328","0,20%"
"08.03.2024","3,321","3,321","3,321","3,321","1,88%"
"07.03.2024","3,260","3,260","3,260","3,260","0,28%"
"06.03.2024","3,251","3,251","3,251","3,251","0,63%"
"05.03.2024","3,231","3,231","3,231","3,231","0,83%"
"04.03.2024","3,204","3,204","3,204","3,204","1,32%"
"01.03.2024","3,163","3,163","3,163","3,163","1,64%"
"29.02.2024","3,112","3,112","3,112","3,112","1,24%"
"28.02.2024","3,074","3,074","3,074","3,074","-0,12%"
"27.02.2024","3,077","3,077","3,077","3,077","-0,25%"
"26.02.2024","3,085","3,085","3,085","3,085","-0,62%"
"23.02.2024","3,104","3,104","3,104","3,104","1,93%"
"22.02.2024","3,045","3,045","3,045","3,045","0,06%"
"21.02.2024","3,044","3,044","3,044","3,044","-0,52%"
"20.02.2024","3,059","3,059","3,059","3,059","0,44%"
"19.02.2024","3,046","3,046","3,046","3,046","-0,38%"
"16.02.2024","3,058","3,058","3,058","3,058","0,59%"
"15.02.2024","3,040","3,040","3,040","3,040","0,53%"
"14.02.2024","3,024","3,024","3,024","3,024","-1,77%"
"09.02.2024","3,078","3,078","3,078","3,078","-0,66%"
"08.02.2024","3,098","3,098","3,098","3,098","0,22%"
"07.02.2024","3,092","3,092","3,092","3,092","-0,15%"
"06.02.2024","3,096","3,096","3,096","3,096","-0,33%"
"05.02.2024","3,107","3,107","3,107","3,107","0,67%"
"02.02.2024","3,086","3,086","3,086","3,086","-0,62%"
"01.02.2024","3,105","3,105","3,105","3,105","-0,21%"
"31.01.2024","3,112","3,112","3,112","3,112","0,61%"
"30.01.2024","3,093","3,093","3,093","3,093","1,19%"
"29.01.2024","3,056","3,056","3,056","3,056","0,64%"
"26.01.2024","3,037","3,037","3,037","3,037","-0,26%"
"25.01.2024","3,045","3,045","3,045","3,045","0,13%"
"24.01.2024","3,041","3,041","3,041","3,041","-1,63%"
"23.01.2024","3,091","3,091","3,091","3,091","0,65%"
"22.01.2024","3,071","3,071","3,071","3,071","0,19%"
"19.01.2024","3,065","3,065","3,065","3,065","0,00%"
"18.01.2024","3,065","3,065","3,065","3,065","0,88%"
"17.01.2024","3,038","3,038","3,038","3,038","-0,55%"
"16.01.2024","3,055","3,055","3,055","3,055","-0,50%"
"15.01.2024","3,070","3,070","3,070","3,070","0,46%"
"12.01.2024","3,056","3,056","3,056","3,056","1,08%"
"11.01.2024","3,023","3,023","3,023","3,023","-0,64%"
"10.01.2024","3,043","3,043","3,043","3,043","-0,33%"
"09.01.2024","3,053","3,053","3,053","3,053","0,14%"
"08.01.2024","3,048","3,048","3,048","3,048","-0,88%"
"05.01.2024","3,075","3,075","3,075","3,075","-0,58%"
"04.01.2024","3,093","3,093","3,093","3,093","0,31%"
"03.01.2024","3,084","3,084","3,084","3,084","-0,81%"
"02.01.2024","3,109","3,109","3,109","3,109","1,10%"
"29.12.2023","3,075","3,075","3,075","3,075","-0,55%"
"28.12.2023","3,092","3,092","3,092","3,092","-0,24%"
"27.12.2023","3,100","3,100","3,100","3,100","0,99%"
"26.12.2023","3,069","3,069","3,069","3,069","-0,56%"
"22.12.2023","3,086","3,086","3,086","3,086","0,62%"
"21.12.2023","3,067","3,067","3,067","3,067","0,22%"
"20.12.2023","3,061","3,061","3,061","3,061","0,00%"
"19.12.2023","3,061","3,061","3,061","3,061","-0,92%"
"18.12.2023","3,089","3,089","3,089","3,089","-0,03%"
"15.12.2023","3,090","3,090","3,090","3,090","0,71%"
"14.12.2023","3,069","3,069","3,069","3,069","0,98%"
"13.12.2023","3,039","3,039","3,039","3,039","0,41%"
"12.12.2023","3,026","3,026","3,026","3,026","0,18%"
"11.12.2023","3,021","3,021","3,021","3,021","-0,98%"
"08.12.2023","3,051","3,051","3,051","3,051","-1,11%"
"07.12.2023","3,085","3,085","3,085","3,085","-0,05%"
"06.12.2023","3,087","3,087","3,087","3,087","-0,36%"
"05.12.2023","3,098","3,098","3,098","3,098","0,51%"
"04.12.2023","3,082","3,082","3,082","3,082","-2,29%"
"01.12.2023","3,154","3,154","3,154","3,154","1,22%"
"30.11.2023","3,116","3,116","3,116","3,116","0,38%"
"29.11.2023","3,104","3,104","3,104","3,104","1,25%"
"28.11.2023","3,066","3,066","3,066","3,066","0,25%"
"27.11.2023","3,058","3,058","3,058","3,058","0,78%"
"24.11.2023","3,035","3,035","3,035","3,035","0,44%"
"23.11.2023","3,021","3,021","3,021","3,021","-0,19%"
"22.11.2023","3,027","3,027","3,027","3,027","-0,02%"
"21.11.2023","3,028","3,028","3,028","3,028","1,24%"
"20.11.2023","2,991","2,991","2,991","2,991","-0,63%"
"17.11.2023","3,009","3,009","3,009","3,009","0,50%"
"16.11.2023","2,994","2,994","2,994","2,994","0,94%"
"14.11.2023","2,966","2,966","2,966","2,966","-0,39%"
"13.11.2023","2,978","2,978","2,978","2,978","0,76%"
"10.11.2023","2,956","2,956","2,956","2,956","-1,25%"
"09.11.2023","2,993","2,993","2,993","2,993","0,40%"
"08.11.2023","2,981","2,981","2,981","2,981","-0,14%"
"07.11.2023","2,985","2,985","2,985","2,985","-1,68%"
"06.11.2023","3,036","3,036","3,036","3,036","-0,50%"
"03.11.2023","3,052","3,052","3,052","3,052","-1,54%"
"01.11.2023","3,099","3,099","3,099","3,099","-1,17%"
"31.10.2023","3,136","3,136","3,136","3,136","0,28%"
"30.10.2023","3,127","3,127","3,127","3,127","1,29%"
"27.10.2023","3,088","3,088","3,088","3,088","-0,98%"
"26.10.2023","3,118","3,118","3,118","3,118","0,14%"
"25.10.2023","3,114","3,114","3,114","3,114","0,20%"
"24.10.2023","3,108","3,108","3,108","3,108","-0,35%"
"23.10.2023","3,119","3,119","3,119","3,119","-1,16%"
"20.10.2023","3,156","3,156","3,156","3,156","0,80%"
"19.10.2023","3,130","3,130","3,130","3,130","0,63%"
"18.10.2023","3,111","3,111","3,111","3,111","1,99%"
"17.10.2023","3,050","3,050","3,050","3,050","-0,67%"
"16.10.2023","3,070","3,070","3,070","3,070","-0,30%"
"13.10.2023","3,080","3,080","3,080","3,080","3,36%"
"11.10.2023","2,980","2,980","2,980","2,980","-0,25%"
"10.10.2023","2,987","2,987","2,987","2,987","-0,89%"
"09.10.2023","3,014","3,014","3,014","3,014","0,62%"
"06.10.2023","2,996","2,996","2,996","2,996","1,03%"
"05.10.2023","2,965","2,965","2,965","2,965","0,21%"
"04.10.2023","2,959","2,959","2,959","2,959","0,29%"
"03.10.2023","2,950","2,950","2,950","2,950","0,56%"
"02.10.2023","2,934","2,934","2,934","2,934","0,06%"
"29.09.2023","2,932","2,932","2,932","2,932","-1,26%"
"28.09.2023","2,969","2,969","2,969","2,969","-0,54%"
"27.09.2023","2,985","2,985","2,985","2,985","-0,19%"
"26.09.2023","2,991","2,991","2,991","2,991","-0,52%"
"25.09.2023","3,007","3,007","3,007","3,007","0,61%"
"21.09.2023","2,989","2,989","2,989","2,989","0,11%"
"20.09.2023","2,986","2,986","2,986","2,986","0,44%"
"19.09.2023","2,973","2,973","2,973","2,973","0,16%"
"18.09.2023","2,968","2,968","2,968","2,968","0,00%"
"15.09.2023","2,968","2,968","2,968","2,968","0,66%"
"14.09.2023","2,949","2,949","2,949","2,949","-1,03%"
"13.09.2023","2,980","2,980","2,980","2,980","-0,66%"
"12.09.2023","2,999","2,999","2,999","2,999","-0,29%"
"11.09.2023","3,008","3,008","3,008","3,008","-0,83%"
"08.09.2023","3,034","3,034","3,034","3,034","0,10%"
"06.09.2023","3,030","3,030","3,030","3,030","-0,21%"
"05.09.2023","3,037","3,037","3,037","3,037","0,21%"
"04.09.2023","3,030","3,030","3,030","3,030","-0,16%"
"01.09.2023","3,035","3,035","3,035","3,035","0,07%"
"31.08.2023","3,033","3,033","3,033","3,033","0,97%"
"30.08.2023","3,004","3,004","3,004","3,004","0,15%"
"29.08.2023","2,999","2,999","2,999","2,999","0,68%"
"28.08.2023","2,979","2,979","2,979","2,979","0,66%"
"25.08.2023","2,960","2,960","2,960","2,960","-0,34%"
"24.08.2023","2,970","2,970","2,970","2,970","-0,56%"
"23.08.2023","2,986","2,986","2,986","2,986","0,23%"
"22.08.2023","2,979","2,979","2,979","2,979","-0,69%"
"21.08.2023","3,000","3,000","3,000","3,000","0,41%"
"18.08.2023","2,988","2,988","2,988","2,988","0,06%"
"17.08.2023","2,986","2,986","2,986","2,986","-0,58%"
"16.08.2023","3,004","3,004","3,004","3,004","-0,54%"
"15.08.2023","3,020","3,020","3,020","3,020","0,28%"
"14.08.2023","3,011","3,011","3,011","3,011","0,89%"
"11.08.2023","2,985","2,985","2,985","2,985","0,80%"
"10.08.2023","2,961","2,961","2,961","2,961","-1,05%"
"09.08.2023","2,992","2,992","2,992","2,992","-0,74%"
"08.08.2023","3,015","3,015","3,015","3,015","-0,22%"
"07.08.2023","3,021","3,021","3,021","3,021","0,51%"
"04.08.2023","3,006","3,006","3,006","3,006","-0,28%"
"03.08.2023","3,014","3,014","3,014","3,014","1,52%"
"02.08.2023","2,969","2,969","2,969","2,969","0,39%"
"01.08.2023","2,958","2,958","2,958","2,958","-0,67%"
"31.07.2023","2,977","2,977","2,977","2,977","0,73%"
"28.07.2023","2,956","2,956","2,956","2,956","0,74%"
"27.07.2023","2,934","2,934","2,934","2,934","-1,47%"
"26.07.2023","2,978","2,978","2,978","2,978","-0,03%"
"25.07.2023","2,979","2,979","2,979","2,979","0,26%"
"24.07.2023","2,971","2,971","2,971","2,971","-0,88%"
"21.07.2023","2,998","2,998","2,998","2,998","-0,57%"
"20.07.2023","3,015","3,015","3,015","3,015","-0,87%"
"19.07.2023","3,041","3,041","3,041","3,041","0,03%"
"18.07.2023","3,040","3,040","3,040","3,040","0,63%"
"17.07.2023","3,021","3,021","3,021","3,021","0,43%"
"14.07.2023","3,008","3,008","3,008","3,008","-0,49%"
"13.07.2023","3,023","3,023","3,023","3,023","0,38%"
"12.07.2023","3,012","3,012","3,012","3,012","-0,63%"
"11.07.2023","3,031","3,031","3,031","3,031","0,70%"
"10.07.2023","3,010","3,010","3,010","3,010","0,00%"
"07.07.2023","3,010","3,010","3,010","3,010","0,35%"
"06.07.2023","3,000","3,000","3,000","3,000","0,40%"
"05.07.2023","2,988","2,988","2,988","2,988","0,71%"
"04.07.2023","2,967","2,967","2,967","2,967","0,51%"
"03.07.2023","2,952","2,952","2,952","2,952","-0,46%"
"30.06.2023","2,966","2,966","2,966","2,966","-0,21%"
"29.06.2023","2,972","2,972","2,972","2,972","-0,36%"
"28.06.2023","2,983","2,983","2,983","2,983","0,93%"
"27.06.2023","2,955","2,955","2,955","2,955","0,16%"
"26.06.2023","2,950","2,950","2,950","2,950","0,20%"
"23.06.2023","2,945","2,945","2,945","2,945","0,40%"
"22.06.2023","2,933","2,933","2,933","2,933","-1,18%"
"21.06.2023","2,968","2,968","2,968","2,968","-0,39%"
"20.06.2023","2,979","2,979","2,979","2,979","-0,99%"
"19.06.2023","3,009","3,009","3,009","3,009","-0,99%"
"16.06.2023","3,039","3,039","3,039","3,039","0,32%"
"15.06.2023","3,030","3,030","3,030","3,030","-0,23%"
"14.06.2023","3,037","3,037","3,037","3,037","0,11%"
"13.06.2023","3,033","3,033","3,033","3,033","-1,14%"
"12.06.2023","3,068","3,068","3,068","3,068","-0,61%"
"09.06.2023","3,087","3,087","3,087","3,087","0,50%"
"07.06.2023","3,072","3,072","3,072","3,072","-1,49%"
"06.06.2023","3,119","3,119","3,119","3,119","0,24%"
"05.06.2023","3,111","3,111","3,111","3,111","-0,08%"
"02.06.2023","3,114","3,114","3,114","3,114","-2,81%"
"01.06.2023","3,204","3,204","3,204","3,204","-0,61%"
"31.05.2023","3,223","3,223","3,223","3,223","0,96%"
"30.05.2023","3,192","3,192","3,192","3,192","2,03%"
"29.05.2023","3,129","3,129","3,129","3,129","-0,26%"
"26.05.2023","3,137","3,137","3,137","3,137","0,18%"
"25.05.2023","3,132","3,132","3,132","3,132","-0,02%"
"24.05.2023","3,132","3,132","3,132","3,132","-0,88%"
"23.05.2023","3,160","3,160","3,160","3,160","-0,18%"
"22.05.2023","3,166","3,166","3,166","3,166","-0,89%"
"19.05.2023","3,194","3,194","3,194","3,194","1,78%"
"18.05.2023","3,138","3,138","3,138","3,138","-0,87%"
"17.05.2023","3,166","3,166","3,166","3,166","0,09%"
"16.05.2023","3,163","3,163","3,163","3,163","-1,36%"
"15.05.2023","3,207","3,207","3,207","3,207","0,00%"
"12.05.2023","3,207","3,207","3,207","3,207","-0,85%"
"11.05.2023","3,234","3,234","3,234","3,234","-0,70%"
"10.05.2023","3,257","3,257","3,257","3,257","-1,01%"
"09.05.2023","3,290","3,290","3,290","3,290","1,07%"
"08.05.2023","3,256","3,256","3,256","3,256","0,56%"
"05.05.2023","3,237","3,237","3,237","3,237","-2,54%"
"04.05.2023","3,322","3,322","3,322","3,322","0,76%"
"03.05.2023","3,297","3,297","3,297","3,297","0,46%"
"02.05.2023","3,282","3,282","3,282","3,282","1,93%"
"28.04.2023","3,219","3,219","3,219","3,219","-0,25%"
"27.04.2023","3,227","3,227","3,227","3,227","-0,79%"
"26.04.2023","3,253","3,253","3,253","3,253","-0,52%"
"25.04.2023","3,270","3,270","3,270","3,270","0,37%"
"24.04.2023","3,258","3,258","3,258","3,258","-0,83%"
"20.04.2023","3,286","3,286","3,286","3,286","0,59%"
"19.04.2023","3,266","3,266","3,266","3,266","1,04%"
"18.04.2023","3,233","3,233","3,233","3,233","1,15%"
"17.04.2023","3,196","3,196","3,196","3,196","-0,46%"
"14.04.2023","3,210","3,210","3,210","3,210","-1,33%"
"13.04.2023","3,254","3,254","3,254","3,254","0,61%"
"12.04.2023","3,234","3,234","3,234","3,234","-0,82%"
"11.04.2023","3,261","3,261","3,261","3,261","-0,77%"
"10.04.2023","3,286","3,286","3,286","3,286","-0,73%"
"06.04.2023","3,310","3,310","3,310","3,310","-0,37%"
"05.04.2023","3,323","3,323","3,323","3,323","-0,54%"
"04.04.2023","3,341","3,341","3,341","3,341","2,12%"
"03.04.2023","3,272","3,272","3,272","3,272","0,49%"
"31.03.2023","3,256","3,256","3,256","3,256","-1,55%"
"30.03.2023","3,307","3,307","3,307","3,307","0,37%"
"29.03.2023","3,295","3,295","3,295","3,295","-0,90%"
"28.03.2023","3,325","3,325","3,325","3,325","-0,08%"
"27.03.2023","3,327","3,327","3,327","3,327","-2,78%"
"24.03.2023","3,422","3,422","3,422","3,422","-0,14%"
"23.03.2023","3,427","3,427","3,427","3,427","2,30%"
"22.03.2023","3,350","3,350","3,350","3,350","1,00%"
"21.03.2023","3,317","3,317","3,317","3,317","-2,18%"
"20.03.2023","3,391","3,391","3,391","3,391","-0,09%"
"17.03.2023","3,394","3,394","3,394","3,394","2,49%"
"16.03.2023","3,311","3,311","3,311","3,311","-0,54%"
"15.03.2023","3,329","3,329","3,329","3,329","2,15%"
"14.03.2023","3,259","3,259","3,259","3,259","-0,36%"
"13.03.2023","3,271","3,271","3,271","3,271","3,84%"
"10.03.2023","3,150","3,150","3,150","3,150","2,87%"
"09.03.2023","3,062","3,062","3,062","3,062","0,66%"
"08.03.2023","3,042","3,042","3,042","3,042","-0,97%"
"07.03.2023","3,072","3,072","3,072","3,072","-1,94%"
"06.03.2023","3,132","3,132","3,132","3,132","-0,28%"
"03.03.2023","3,141","3,141","3,141","3,141","0,79%"
"02.03.2023","3,116","3,116","3,116","3,116","-0,19%"
"01.03.2023","3,122","3,122","3,122","3,122","0,43%"
"28.02.2023","3,109","3,109","3,109","3,109","0,92%"
"27.02.2023","3,081","3,081","3,081","3,081","0,76%"
"24.02.2023","3,057","3,057","3,057","3,057","0,23%"
"23.02.2023","3,050","3,050","3,050","3,050","-1,40%"
"22.02.2023","3,094","3,094","3,094","3,094","-1,00%"
"17.02.2023","3,125","3,125","3,125","3,125","-0,95%"
"16.02.2023","3,155","3,155","3,155","3,155","0,60%"
"15.02.2023","3,136","3,136","3,136","3,136","0,33%"
"14.02.2023","3,126","3,126","3,126","3,126","-0,46%"
"13.02.2023","3,140","3,140","3,140","3,140","-1,84%"
"10.02.2023","3,199","3,199","3,199","3,199","0,08%"
"09.02.2023","3,196","3,196","3,196","3,196","0,00%"
"08.02.2023","3,196","3,196","3,196","3,196","0,85%"
"07.02.2023","3,169","3,169","3,169","3,169","0,20%"
"06.02.2023","3,163","3,163","3,163","3,163","1,40%"
"03.02.2023","3,119","3,119","3,119","3,119","-0,56%"
"02.02.2023","3,137","3,137","3,137","3,137","-2,20%"
"01.02.2023","3,207","3,207","3,207","3,207","-0,48%"
"31.01.2023","3,223","3,223","3,223","3,223","0,34%"
"30.01.2023","3,212","3,212","3,212","3,212","0,67%"
"27.01.2023","3,191","3,191","3,191","3,191","-1,20%"
"26.01.2023","3,229","3,229","3,229","3,229","-0,80%"
"25.01.2023","3,255","3,255","3,255","3,255","-0,90%"
"24.01.2023","3,285","3,285","3,285","3,285","-0,05%"
"23.01.2023","3,286","3,286","3,286","3,286","-0,11%"
"20.01.2023","3,290","3,290","3,290","3,290","0,00%"
"19.01.2023","3,290","3,290","3,290","3,290","3,05%"
"18.01.2023","3,193","3,193","3,193","3,193","-0,50%"
"17.01.2023","3,209","3,209","3,209","3,209","-0,52%"
"16.01.2023","3,226","3,226","3,226","3,226","-0,14%"
"13.01.2023","3,230","3,230","3,230","3,230","0,92%"
"12.01.2023","3,201","3,201","3,201","3,201","-0,16%"
"11.01.2023","3,206","3,206","3,206","3,206","-0,77%"
"10.01.2023","3,230","3,230","3,230","3,230","-0,96%"
"09.01.2023","3,262","3,262","3,262","3,262","0,47%"
"06.01.2023","3,246","3,246","3,246","3,246","-0,48%"
"05.01.2023","3,262","3,262","3,262","3,262","-1,73%"
"04.01.2023","3,320","3,320","3,320","3,320","1,88%"
"03.01.2023","3,258","3,258","3,258","3,258","2,05%"
"02.01.2023","3,193","3,193","3,193","3,193","2,23%"
"30.12.2022","3,123","3,123","3,123","3,123","-1,25%"
"29.12.2022","3,163","3,163","3,163","3,163","0,86%"
"28.12.2022","3,136","3,136","3,136","3,136","-0,73%"
"27.12.2022","3,159","3,159","3,159","3,159","2,96%"
"26.12.2022","3,068","3,068","3,068","3,068","0,87%"
"23.12.2022","3,042","3,042","3,042","3,042","-0,20%"
"22.12.2022","3,048","3,048","3,048","3,048","-2,03%"
"21.12.2022","3,111","3,111","3,111","3,111","-0,71%"
"20.12.2022","3,133","3,133","3,133","3,133","0,00%"
"19.12.2022","3,133","3,133","3,133","3,133","0,58%"
"16.12.2022","3,115","3,115","3,115","3,115","-0,29%"
"15.12.2022","3,124","3,124","3,124","3,124","-1,65%"
"14.12.2022","3,176","3,176","3,176","3,176","0,75%"
"13.12.2022","3,153","3,153","3,153","3,153","1,16%"
"12.12.2022","3,116","3,116","3,116","3,116","0,29%"
"09.12.2022","3,107","3,107","3,107","3,107","1,07%"
"08.12.2022","3,075","3,075","3,075","3,075","-0,02%"
"07.12.2022","3,075","3,075","3,075","3,075","0,47%"
"06.12.2022","3,061","3,061","3,061","3,061","-0,11%"
"05.12.2022","3,064","3,064","3,064","3,064","-0,60%"
"02.12.2022","3,083","3,083","3,083","3,083","-0,19%"
"01.12.2022","3,089","3,089","3,089","3,089","1,33%"
"30.11.2022","3,048","3,048","3,048","3,048","-0,81%"
"29.11.2022","3,073","3,073","3,073","3,073","-0,69%"
"28.11.2022","3,094","3,094","3,094","3,094","-0,37%"
"25.11.2022","3,106","3,106","3,106","3,106","1,17%"
"24.11.2022","3,070","3,070","3,070","3,070","-0,71%"
"23.11.2022","3,092","3,092","3,092","3,092","0,57%"
"22.11.2022","3,074","3,074","3,074","3,074","0,35%"
"21.11.2022","3,064","3,064","3,064","3,064","-1,20%"
"18.11.2022","3,101","3,101","3,101","3,101","-2,75%"
"17.11.2022","3,188","3,188","3,188","3,188","1,95%"
"16.11.2022","3,127","3,127","3,127","3,127","0,31%"
"14.11.2022","3,118","3,118","3,118","3,118","0,36%"
"11.11.2022","3,106","3,106","3,106","3,106","0,64%"
"10.11.2022","3,086","3,086","3,086","3,086","5,79%"
"09.11.2022","2,917","2,917","2,917","2,917","-0,30%"
"08.11.2022","2,926","2,926","2,926","2,926","3,65%"
"07.11.2022","2,823","2,823","2,823","2,823","1,29%"
"04.11.2022","2,787","2,787","2,787","2,787","0,71%"
"03.11.2022","2,768","2,768","2,768","2,768","-2,92%"
"01.11.2022","2,851","2,851","2,851","2,851","0,00%"
"31.10.2022","2,851","2,851","2,851","2,851","-1,88%"
"28.10.2022","2,905","2,905","2,905","2,905","-0,38%"
"27.10.2022","2,917","2,917","2,917","2,917","-0,59%"
"26.10.2022","2,934","2,934","2,934","2,934","1,01%"
"25.10.2022","2,905","2,905","2,905","2,905","0,88%"
"24.10.2022","2,879","2,879","2,879","2,879","1,48%"
"21.10.2022","2,837","2,837","2,837","2,837","0,53%"
"20.10.2022","2,822","2,822","2,822","2,822","-0,99%"
"19.10.2022","2,850","2,850","2,850","2,850","-1,04%"
"18.10.2022","2,880","2,880","2,880","2,880","-0,53%"
"17.10.2022","2,896","2,896","2,896","2,896","0,68%"
"14.10.2022","2,876","2,876","2,876","2,876","-2,00%"
"13.10.2022","2,935","2,935","2,935","2,935","1,34%"
"11.10.2022","2,896","2,896","2,896","2,896","0,84%"
"10.10.2022","2,872","2,872","2,872","2,872","-2,52%"
"07.10.2022","2,947","2,947","2,947","2,947","-0,29%"
"06.10.2022","2,955","2,955","2,955","2,955","-0,36%"
"05.10.2022","2,966","2,966","2,966","2,966","-0,30%"
"29.09.2022","2,975","2,975","2,975","2,975","0,69%"
"28.09.2022","2,954","2,954","2,954","2,954","2,03%"
"26.09.2022","2,895","2,895","2,895","2,895","1,11%"
"23.09.2022","2,864","2,864","2,864","2,864","-0,34%"
"22.09.2022","2,873","2,873","2,873","2,873","0,29%"
"21.09.2022","2,865","2,865","2,865","2,865","0,21%"
"20.09.2022","2,859","2,859","2,859","2,859","-2,93%"
"16.09.2022","2,945","2,945","2,945","2,945","1,54%"
"15.09.2022","2,901","2,901","2,901","2,901","-0,96%"
"14.09.2022","2,929","2,929","2,929","2,929","-0,46%"
"13.09.2022","2,942","2,942","2,942","2,942","-0,27%"
"12.09.2022","2,950","2,950","2,950","2,950","-0,27%"
"09.09.2022","2,958","2,958","2,958","2,958","-0,34%"
"08.09.2022","2,968","2,968","2,968","2,968","0,26%"
"06.09.2022","2,960","2,960","2,960","2,960","0,55%"
"05.09.2022","2,944","2,944","2,944","2,944","-0,38%"
"02.09.2022","2,955","2,955","2,955","2,955","0,44%"
"01.09.2022","2,942","2,942","2,942","2,942","-0,65%"
"31.08.2022","2,961","2,961","2,961","2,961","1,84%"
"30.08.2022","2,908","2,908","2,908","2,908","-0,37%"
"29.08.2022","2,919","2,919","2,919","2,919","-1,02%"
"26.08.2022","2,949","2,949","2,949","2,949","-1,60%"
"25.08.2022","2,997","2,997","2,997","2,997","0,82%"
"24.08.2022","2,972","2,972","2,972","2,972","-0,09%"
"23.08.2022","2,975","2,975","2,975","2,975","-0,50%"
"22.08.2022","2,990","2,990","2,990","2,990","-1,63%"
"19.08.2022","3,039","3,039","3,039","3,039","0,06%"
"18.08.2022","3,038","3,038","3,038","3,038","-0,14%"
"17.08.2022","3,042","3,042","3,042","3,042","0,06%"
"16.08.2022","3,040","3,040","3,040","3,040","0,29%"
"15.08.2022","3,031","3,031","3,031","3,031","-1,30%"
"12.08.2022","3,071","3,071","3,071","3,071","0,18%"
"11.08.2022","3,066","3,066","3,066","3,066","1,13%"
"10.08.2022","3,031","3,031","3,031","3,031","-1,28%"
"09.08.2022","3,071","3,071","3,071","3,071","0,44%"
"08.08.2022","3,057","3,057","3,057","3,057","-0,86%"
"05.08.2022","3,084","3,084","3,084","3,084","-0,32%"
"04.08.2022","3,094","3,094","3,094","3,094","-0,36%"
"03.08.2022","3,105","3,105","3,105","3,105","0,30%"
"02.08.2022","3,096","3,096","3,096","3,096","1,44%"
"01.08.2022","3,052","3,052","3,052","3,052","0,04%"
"29.07.2022","3,051","3,051","3,051","3,051","0,00%"
"28.07.2022","3,051","3,051","3,051","3,051","0,25%"
"27.07.2022","3,043","3,043","3,043","3,043","-1,04%"
"26.07.2022","3,075","3,075","3,075","3,075","-1,04%"
"25.07.2022","3,107","3,107","3,107","3,107","-1,38%"
"22.07.2022","3,151","3,151","3,151","3,151","0,48%"
"21.07.2022","3,136","3,136","3,136","3,136","1,64%"
"20.07.2022","3,085","3,085","3,085","3,085","0,11%"
"19.07.2022","3,082","3,082","3,082","3,082","0,41%"
"18.07.2022","3,069","3,069","3,069","3,069","-0,25%"
"15.07.2022","3,077","3,077","3,077","3,077","-1,06%"
"14.07.2022","3,110","3,110","3,110","3,110","-0,55%"
"13.07.2022","3,127","3,127","3,127","3,127","0,34%"
"12.07.2022","3,117","3,117","3,117","3,117","0,79%"
"11.07.2022","3,092","3,092","3,092","3,092","0,42%"
"08.07.2022","3,079","3,079","3,079","3,079","-1,37%"
"07.07.2022","3,122","3,122","3,122","3,122","-1,10%"
"06.07.2022","3,157","3,157","3,157","3,157","-0,64%"
"05.07.2022","3,177","3,177","3,177","3,177","-0,64%"
"04.07.2022","3,197","3,197","3,197","3,197","-0,13%"
"01.07.2022","3,201","3,201","3,201","3,201","1,31%"
"30.06.2022","3,160","3,160","3,160","3,160","-0,63%"
"29.06.2022","3,180","3,180","3,180","3,180","-0,04%"
"28.06.2022","3,181","3,181","3,181","3,181","-0,13%"
"27.06.2022","3,185","3,185","3,185","3,185","-0,53%"
"24.06.2022","3,203","3,203","3,203","3,203","0,95%"
"23.06.2022","3,172","3,172","3,172","3,172","0,28%"
"22.06.2022","3,163","3,163","3,163","3,163","0,11%"
"21.06.2022","3,160","3,160","3,160","3,160","-0,54%"
"20.06.2022","3,177","3,177","3,177","3,177","0,65%"
"17.06.2022","3,157","3,157","3,157","3,157","1,56%"
"15.06.2022","3,108","3,108","3,108","3,108","0,16%"
"14.06.2022","3,103","3,103","3,103","3,103","-0,76%"
"13.06.2022","3,127","3,127","3,127","3,127","0,30%"
"10.06.2022","3,118","3,118","3,118","3,118","2,93%"
"09.06.2022","3,029","3,029","3,029","3,029","0,24%"
"08.06.2022","3,022","3,022","3,022","3,022","-0,12%"
"07.06.2022","3,025","3,025","3,025","3,025","2,52%"
"06.06.2022","2,951","2,951","2,951","2,951","-0,47%"
"03.06.2022","2,965","2,965","2,965","2,965","-0,91%"
"02.06.2022","2,992","2,992","2,992","2,992","1,22%"
"01.06.2022","2,956","2,956","2,956","2,956","0,97%"
"31.05.2022","2,927","2,927","2,927","2,927","-0,22%"
"30.05.2022","2,934","2,934","2,934","2,934","-0,47%"
"27.05.2022","2,948","2,948","2,948","2,948","-1,15%"
"26.05.2022","2,982","2,982","2,982","2,982","-0,71%"
"25.05.2022","3,003","3,003","3,003","3,003","-0,21%"
"24.05.2022","3,009","3,009","3,009","3,009","0,71%"
"23.05.2022","2,988","2,988","2,988","2,988","-1,06%"
"20.05.2022","3,020","3,020","3,020","3,020","-0,81%"
"19.05.2022","3,045","3,045","3,045","3,045","0,55%"
"18.05.2022","3,028","3,028","3,028","3,028","-0,53%"
"17.05.2022","3,045","3,045","3,045","3,045","-1,43%"
"16.05.2022","3,089","3,089","3,089","3,089","-0,50%"
"13.05.2022","3,104","3,104","3,104","3,104","-1,57%"
"12.05.2022","3,154","3,154","3,154","3,154","-1,09%"
"11.05.2022","3,189","3,189","3,189","3,189","0,19%"
"10.05.2022","3,183","3,183","3,183","3,183","-0,80%"
"06.05.2022","3,208","3,208","3,208","3,208","1,59%"
"05.05.2022","3,158","3,158","3,158","3,158","0,66%"
"04.05.2022","3,137","3,137","3,137","3,137","-0,18%"
"03.05.2022","3,143","3,143","3,143","3,143","-0,19%"
"02.05.2022","3,149","3,149","3,149","3,149","-0,42%"
"29.04.2022","3,162","3,162","3,162","3,162","-0,62%"
"28.04.2022","3,182","3,182","3,182","3,182","-0,03%"
"27.04.2022","3,183","3,183","3,183","3,183","0,23%"
"26.04.2022","3,175","3,175","3,175","3,175","1,99%"
"25.04.2022","3,114","3,114","3,114","3,114","1,10%"
"22.04.2022","3,080","3,080","3,080","3,080","0,90%"
"20.04.2022","3,052","3,052","3,052","3,052","-0,77%"
"19.04.2022","3,076","3,076","3,076","3,076","-1,41%"
"18.04.2022","3,120","3,120","3,120","3,120","-0,15%"
"14.04.2022","3,124","3,124","3,124","3,124","0,11%"
"13.04.2022","3,121","3,121","3,121","3,121","0,98%"
"12.04.2022","3,091","3,091","3,091","3,091","0,33%"
"11.04.2022","3,080","3,080","3,080","3,080","-0,94%"
"08.04.2022","3,110","3,110","3,110","3,110","0,28%"
"07.04.2022","3,101","3,101","3,101","3,101","2,00%"
"06.04.2022","3,040","3,040","3,040","3,040","0,92%"
"05.04.2022","3,013","3,013","3,013","3,013","0,27%"
"04.04.2022","3,004","3,004","3,004","3,004","-1,19%"
"01.04.2022","3,040","3,040","3,040","3,040","-2,18%"
"31.03.2022","3,108","3,108","3,108","3,108","0,22%"
"30.03.2022","3,102","3,102","3,102","3,102","1,04%"
"29.03.2022","3,070","3,070","3,070","3,070","-2,14%"
"28.03.2022","3,137","3,137","3,137","3,137","-0,65%"
"25.03.2022","3,157","3,157","3,157","3,157","-0,95%"
"24.03.2022","3,188","3,188","3,188","3,188","0,00%"
"23.03.2022","3,188","3,188","3,188","3,188","-0,25%"
"22.03.2022","3,196","3,196","3,196","3,196","-1,33%"
"21.03.2022","3,239","3,239","3,239","3,239","-1,53%"
"18.03.2022","3,289","3,289","3,289","3,289","-1,26%"
"17.03.2022","3,331","3,331","3,331","3,331","0,74%"
"16.03.2022","3,307","3,307","3,307","3,307","-0,84%"
"15.03.2022","3,335","3,335","3,335","3,335","-0,78%"
"14.03.2022","3,361","3,361","3,361","3,361","-0,34%"
"11.03.2022","3,372","3,372","3,372","3,372","-1,05%"
"10.03.2022","3,408","3,408","3,408","3,408","0,95%"
"09.03.2022","3,376","3,376","3,376","3,376","-3,74%"
"08.03.2022","3,507","3,507","3,507","3,507","2,91%"
"07.03.2022","3,408","3,408","3,408","3,408","1,40%"
"04.03.2022","3,361","3,361","3,361","3,361","1,59%"
"03.03.2022","3,308","3,308","3,308","3,308","-0,87%"
"02.03.2022","3,337","3,337","3,337","3,337","1,44%"
"25.02.2022","3,290","3,290","3,290","3,290","-1,79%"
"24.02.2022","3,350","3,350","3,350","3,350","3,63%"
"23.02.2022","3,233","3,233","3,233","3,233","-0,95%"
"22.02.2022","3,264","3,264","3,264","3,264","-0,47%"
"21.02.2022","3,279","3,279","3,279","3,279","-0,50%"
"18.02.2022","3,295","3,295","3,295","3,295","-0,51%"
"17.02.2022","3,312","3,312","3,312","3,312","1,62%"
"16.02.2022","3,259","3,259","3,259","3,259","0,20%"
"15.02.2022","3,253","3,253","3,253","3,253","-1,17%"
"14.02.2022","3,292","3,292","3,292","3,292","1,56%"
"11.02.2022","3,241","3,241","3,241","3,241","0,36%"
"10.02.2022","3,229","3,229","3,229","3,229","-1,07%"
"09.02.2022","3,264","3,264","3,264","3,264","0,50%"
"08.02.2022","3,248","3,248","3,248","3,248","-0,03%"
"07.02.2022","3,249","3,249","3,249","3,249","0,00%"
"04.02.2022","3,249","3,249","3,249","3,249","0,57%"
"03.02.2022","3,231","3,231","3,231","3,231","-0,05%"
"02.02.2022","3,233","3,233","3,233","3,233","0,07%"
"01.02.2022","3,230","3,230","3,230","3,230","-0,35%"
"31.01.2022","3,242","3,242","3,242","3,242","-0,59%"
"28.01.2022","3,261","3,261","3,261","3,261","-0,58%"
"27.01.2022","3,280","3,280","3,280","3,280","-2,56%"
"26.01.2022","3,366","3,366","3,366","3,366","-1,94%"
"25.01.2022","3,433","3,433","3,433","3,433","0,55%"
"24.01.2022","3,414","3,414","3,414","3,414","1,26%"
"21.01.2022","3,372","3,372","3,372","3,372","0,07%"
"20.01.2022","3,369","3,369","3,369","3,369","-1,46%"
"19.01.2022","3,419","3,419","3,419","3,419","0,98%"
"18.01.2022","3,386","3,386","3,386","3,386","0,08%"
"17.01.2022","3,383","3,383","3,383","3,383","-0,52%"
"14.01.2022","3,401","3,401","3,401","3,401","-0,12%"
"13.01.2022","3,405","3,405","3,405","3,405","-0,72%"
"12.01.2022","3,429","3,429","3,429","3,429","-0,85%"
"11.01.2022","3,459","3,459","3,459","3,459","0,23%"
"10.01.2022","3,451","3,451","3,451","3,451","0,17%"
"07.01.2022","3,445","3,445","3,445","3,445","-0,15%"
"06.01.2022","3,450","3,450","3,450","3,450","-1,24%"
"05.01.2022","3,494","3,494","3,494","3,494","0,37%"
"04.01.2022","3,481","3,481","3,481","3,481","1,37%"
"03.01.2022","3,434","3,434","3,434","3,434","-0,08%"
"30.12.2021","3,436","3,436","3,436","3,436","-0,57%"
"29.12.2021","3,456","3,456","3,456","3,456","0,11%"
"28.12.2021","3,452","3,452","3,452","3,452","-0,14%"
"27.12.2021","3,457","3,457","3,457","3,457","-0,23%"
"24.12.2021","3,465","3,465","3,465","3,465","-0,38%"
"23.12.2021","3,478","3,478","3,478","3,478","-0,10%"
"22.12.2021","3,482","3,482","3,482","3,482","0,30%"
"21.12.2021","3,471","3,471","3,471","3,471","0,19%"
"20.12.2021","3,465","3,465","3,465","3,465","-0,31%"
"17.12.2021","3,475","3,475","3,475","3,475","0,52%"
"16.12.2021","3,457","3,457","3,457","3,457","1,37%"
"15.12.2021","3,410","3,410","3,410","3,410","0,59%"
"14.12.2021","3,390","3,390","3,390","3,390","-0,58%"
"13.12.2021","3,410","3,410","3,410","3,410","1,03%"
"10.12.2021","3,375","3,375","3,375","3,375","0,63%"
"09.12.2021","3,354","3,354","3,354","3,354","-0,64%"
"08.12.2021","3,376","3,376","3,376","3,376","-1,16%"
"07.12.2021","3,416","3,416","3,416","3,416","-0,55%"
"06.12.2021","3,435","3,435","3,435","3,435","0,61%"
"03.12.2021","3,414","3,414","3,414","3,414","1,55%"
"02.12.2021","3,362","3,362","3,362","3,362","-0,98%"
"01.12.2021","3,395","3,395","3,395","3,395","0,29%"
"30.11.2021","3,385","3,385","3,385","3,385","-0,11%"
"29.11.2021","3,389","3,389","3,389","3,389","0,20%"
"26.11.2021","3,382","3,382","3,382","3,382","0,43%"
"25.11.2021","3,368","3,368","3,368","3,368","-0,42%"
"24.11.2021","3,382","3,382","3,382","3,382","-0,99%"
"23.11.2021","3,416","3,416","3,416","3,416","-0,28%"
"22.11.2021","3,425","3,425","3,425","3,425","-1,92%"
"19.11.2021","3,492","3,492","3,492","3,492","-0,25%"
"18.11.2021","3,501","3,501","3,501","3,501","0,54%"
"17.11.2021","3,482","3,482","3,482","3,482","1,08%"
"16.11.2021","3,445","3,445","3,445","3,445","0,36%"
"12.11.2021","3,433","3,433","3,433","3,433","0,38%"
"11.11.2021","3,420","3,420","3,420","3,420","-0,16%"
"10.11.2021","3,425","3,425","3,425","3,425","0,53%"
"09.11.2021","3,407","3,407","3,407","3,407","-1,04%"
"08.11.2021","3,442","3,442","3,442","3,442","1,04%"
"05.11.2021","3,407","3,407","3,407","3,407","0,18%"
"04.11.2021","3,401","3,401","3,401","3,401","0,60%"
"03.11.2021","3,380","3,380","3,380","3,380","-1,93%"
"01.11.2021","3,447","3,447","3,447","3,447","1,01%"
"29.10.2021","3,413","3,413","3,413","3,413","-0,53%"
"28.10.2021","3,431","3,431","3,431","3,431","1,15%"
"27.10.2021","3,392","3,392","3,392","3,392","0,05%"
"26.10.2021","3,390","3,390","3,390","3,390","-1,04%"
"25.10.2021","3,426","3,426","3,426","3,426","-1,37%"
"22.10.2021","3,473","3,473","3,473","3,473","1,88%"
"21.10.2021","3,409","3,409","3,409","3,409","1,20%"
"20.10.2021","3,369","3,369","3,369","3,369","0,90%"
"19.10.2021","3,339","3,339","3,339","3,339","1,09%"
"18.10.2021","3,303","3,303","3,303","3,303","0,79%"
"15.10.2021","3,277","3,277","3,277","3,277","-2,36%"
"14.10.2021","3,356","3,356","3,356","3,356","-0,48%"
"13.10.2021","3,372","3,372","3,372","3,372","2,56%"
"11.10.2021","3,288","3,288","3,288","3,288","-0,09%"
"08.10.2021","3,291","3,291","3,291","3,291","-0,03%"
"07.10.2021","3,292","3,292","3,292","3,292","-0,06%"
"06.10.2021","3,294","3,294","3,294","3,294","0,89%"
"05.10.2021","3,265","3,265","3,265","3,265","0,34%"
"04.10.2021","3,254","3,254","3,254","3,254","1,09%"
"01.10.2021","3,219","3,219","3,219","3,219","-0,54%"
"30.09.2021","3,236","3,236","3,236","3,236","2,09%"
"29.09.2021","3,170","3,170","3,170","3,170","-0,87%"
"28.09.2021","3,198","3,198","3,198","3,198","0,42%"
"27.09.2021","3,185","3,185","3,185","3,185","0,35%"
"24.09.2021","3,173","3,173","3,173","3,173","0,98%"
"23.09.2021","3,143","3,143","3,143","3,143","-1,27%"
"22.09.2021","3,183","3,183","3,183","3,183","-0,34%"
"21.09.2021","3,194","3,194","3,194","3,194","0,08%"
"20.09.2021","3,192","3,192","3,192","3,192","0,86%"
"17.09.2021","3,164","3,164","3,164","3,164","0,61%"
"16.09.2021","3,145","3,145","3,145","3,145","-1,75%"
"15.09.2021","3,201","3,201","3,201","3,201","-0,15%"
"14.09.2021","3,206","3,206","3,206","3,206","0,71%"
"13.09.2021","3,183","3,183","3,183","3,183","0,18%"
"10.09.2021","3,178","3,178","3,178","3,178","-1,55%"
"09.09.2021","3,227","3,227","3,227","3,227","0,44%"
"08.09.2021","3,213","3,213","3,213","3,213","-0,33%"
"06.09.2021","3,224","3,224","3,224","3,224","0,18%"
"03.09.2021","3,218","3,218","3,218","3,218","1,10%"
"02.09.2021","3,183","3,183","3,183","3,183","0,03%"
"01.09.2021","3,182","3,182","3,182","3,182","0,15%"
"31.08.2021","3,177","3,177","3,177","3,177","-0,45%"
"30.08.2021","3,192","3,192","3,192","3,192","-0,70%"
"27.08.2021","3,214","3,214","3,214","3,214","0,50%"
"26.08.2021","3,198","3,198","3,198","3,198","0,21%"
"25.08.2021","3,192","3,192","3,192","3,192","-1,81%"
"24.08.2021","3,251","3,251","3,251","3,251","-1,28%"
"23.08.2021","3,293","3,293","3,293","3,293","0,48%"
"20.08.2021","3,277","3,277","3,277","3,277","-0,18%"
"19.08.2021","3,283","3,283","3,283","3,283","2,05%"
"18.08.2021","3,217","3,217","3,217","3,217","0,47%"
"17.08.2021","3,202","3,202","3,202","3,202","0,42%"
"16.08.2021","3,189","3,189","3,189","3,189","2,39%"
"12.08.2021","3,114","3,114","3,114","3,114","0,66%"
"11.08.2021","3,094","3,094","3,094","3,094","0,49%"
"10.08.2021","3,078","3,078","3,078","3,078","-0,64%"
"09.08.2021","3,098","3,098","3,098","3,098","-1,44%"
"06.08.2021","3,144","3,144","3,144","3,144","-0,72%"
"05.08.2021","3,166","3,166","3,166","3,166","-1,25%"
"04.08.2021","3,206","3,206","3,206","3,206","-0,45%"
"03.08.2021","3,221","3,221","3,221","3,221","1,36%"
"02.08.2021","3,178","3,178","3,178","3,178","0,07%"
"30.07.2021","3,175","3,175","3,175","3,175","0,61%"
"29.07.2021","3,156","3,156","3,156","3,156","-0,07%"
"28.07.2021","3,158","3,158","3,158","3,158","-0,45%"
"27.07.2021","3,173","3,173","3,173","3,173","0,08%"
"26.07.2021","3,170","3,170","3,170","3,170","-0,28%"
"23.07.2021","3,179","3,179","3,179","3,179","-0,62%"
"22.07.2021","3,199","3,199","3,199","3,199","-0,47%"
"21.07.2021","3,214","3,214","3,214","3,214","-0,65%"
"20.07.2021","3,235","3,235","3,235","3,235","0,77%"
"19.07.2021","3,210","3,210","3,210","3,210","1,56%"
"16.07.2021","3,161","3,161","3,161","3,161","-0,75%"
"15.07.2021","3,185","3,185","3,185","3,185","0,66%"
"14.07.2021","3,164","3,164","3,164","3,164","-1,01%"
"13.07.2021","3,196","3,196","3,196","3,196","-0,49%"
"12.07.2021","3,212","3,212","3,212","3,212","-0,84%"
"09.07.2021","3,239","3,239","3,239","3,239","0,11%"
"08.07.2021","3,235","3,235","3,235","3,235","0,76%"
"07.07.2021","3,211","3,211","3,211","3,211","1,55%"
"06.07.2021","3,162","3,162","3,162","3,162","2,37%"
"05.07.2021","3,089","3,089","3,089","3,089","0,67%"
"02.07.2021","3,068","3,068","3,068","3,068","1,06%"
"01.07.2021","3,036","3,036","3,036","3,036","0,60%"
"30.06.2021","3,018","3,018","3,018","3,018","1,24%"
"29.06.2021","2,981","2,981","2,981","2,981","-1,02%"
"28.06.2021","3,011","3,011","3,011","3,011","0,67%"
"25.06.2021","2,991","2,991","2,991","2,991","0,03%"
"24.06.2021","2,990","2,990","2,990","2,990","-0,93%"
"23.06.2021","3,018","3,018","3,018","3,018","-0,77%"
"22.06.2021","3,042","3,042","3,042","3,042","-0,84%"
"21.06.2021","3,068","3,068","3,068","3,068","0,74%"
"18.06.2021","3,045","3,045","3,045","3,045","-0,30%"
"17.06.2021","3,054","3,054","3,054","3,054","-3,91%"
"16.06.2021","3,178","3,178","3,178","3,178","-1,46%"
"15.06.2021","3,225","3,225","3,225","3,225","-0,17%"
"14.06.2021","3,231","3,231","3,231","3,231","-1,56%"
"11.06.2021","3,282","3,282","3,282","3,282","0,17%"
"10.06.2021","3,276","3,276","3,276","3,276","0,16%"
"09.06.2021","3,271","3,271","3,271","3,271","0,33%"
"08.06.2021","3,261","3,261","3,261","3,261","-0,29%"
"07.06.2021","3,270","3,270","3,270","3,270","-0,11%"
"04.06.2021","3,274","3,274","3,274","3,274","-1,69%"
"02.06.2021","3,330","3,330","3,330","3,330","-0,79%"
"01.06.2021","3,356","3,356","3,356","3,356","-1,27%"
"31.05.2021","3,400","3,400","3,400","3,400","-0,10%"
"28.05.2021","3,403","3,403","3,403","3,403","-0,48%"
"27.05.2021","3,420","3,420","3,420","3,420","-0,92%"
"26.05.2021","3,451","3,451","3,451","3,451","0,19%"
"25.05.2021","3,445","3,445","3,445","3,445","0,63%"
"24.05.2021","3,423","3,423","3,423","3,423","0,47%"
"21.05.2021","3,407","3,407","3,407","3,407","0,31%"
"20.05.2021","3,397","3,397","3,397","3,397","-0,06%"
"19.05.2021","3,399","3,399","3,399","3,399","1,19%"
"18.05.2021","3,359","3,359","3,359","3,359","-0,03%"
"17.05.2021","3,360","3,360","3,360","3,360","1,41%"
"14.05.2021","3,313","3,313","3,313","3,313","0,45%"
"13.05.2021","3,298","3,298","3,298","3,298","0,82%"
"12.05.2021","3,271","3,271","3,271","3,271","-0,46%"
"11.05.2021","3,286","3,286","3,286","3,286","0,15%"
"10.05.2021","3,281","3,281","3,281","3,281","0,20%"
"07.05.2021","3,275","3,275","3,275","3,275","-0,18%"
"06.05.2021","3,281","3,281","3,281","3,281","-0,05%"
"05.05.2021","3,282","3,282","3,282","3,282","-0,90%"
"04.05.2021","3,312","3,312","3,312","3,312","-0,15%"
"03.05.2021","3,317","3,317","3,317","3,317","1,47%"
"30.04.2021","3,269","3,269","3,269","3,269","-1,21%"
"28.04.2021","3,309","3,272","3,309","3,272","0,00%"
"27.04.2021","3,309","3,309","3,309","3,309","-0,29%"
"26.04.2021","3,319","3,319","3,319","3,319","-0,45%"
"23.04.2021","3,334","3,334","3,334","3,334","-0,49%"
"22.04.2021","3,350","3,350","3,350","3,350","-0,41%"
"20.04.2021","3,364","3,364","3,364","3,364","-0,29%"
"19.04.2021","3,374","3,374","3,374","3,374","-1,69%"
"16.04.2021","3,432","3,432","3,432","3,432","0,67%"
"13.04.2021","3,409","3,409","3,409","3,409","1,27%"
"12.04.2021","3,366","3,366","3,366","3,366","-0,34%"
"09.04.2021","3,378","3,378","3,378","3,378","0,58%"
"08.04.2021","3,359","3,359","3,359","3,359","0,63%"
"07.04.2021","3,338","3,338","3,338","3,338","-0,68%"
"06.04.2021","3,361","3,361","3,361","3,361","0,25%"
"05.04.2021","3,352","3,352","3,352","3,352","-0,47%"
"01.04.2021","3,368","3,368","3,368","3,368","0,88%"
"31.03.2021","3,339","3,339","3,339","3,339","0,09%"
"30.03.2021","3,335","3,335","3,335","3,335","-1,94%"
"29.03.2021","3,402","3,402","3,402","3,402","-0,32%"
"26.03.2021","3,412","3,412","3,412","3,412","1,00%"
"25.03.2021","3,378","3,378","3,378","3,378","1,37%"
"24.03.2021","3,333","3,333","3,333","3,333","1,66%"
"23.03.2021","3,279","3,279","3,279","3,279","-0,99%"
"22.03.2021","3,311","3,311","3,311","3,311","0,21%"
"19.03.2021","3,304","3,304","3,304","3,304","-0,49%"
"18.03.2021","3,321","3,321","3,321","3,321","-1,12%"
"17.03.2021","3,358","3,358","3,358","3,358","0,21%"
"16.03.2021","3,351","3,351","3,351","3,351","-0,39%"
"15.03.2021","3,364","3,364","3,364","3,364","1,75%"
"12.03.2021","3,306","3,306","3,306","3,306","-0,46%"
"11.03.2021","3,322","3,322","3,322","3,322","-2,31%"
"10.03.2021","3,400","3,400","3,400","3,400","-1,47%"
"09.03.2021","3,451","3,451","3,451","3,451","3,20%"
"08.03.2021","3,344","3,344","3,344","3,344","0,25%"
"05.03.2021","3,335","3,335","3,335","3,335","0,68%"
"04.03.2021","3,313","3,313","3,313","3,313","-2,66%"
"03.03.2021","3,403","3,403","3,403","3,403","0,10%"
"02.03.2021","3,400","3,400","3,400","3,400","1,90%"
"01.03.2021","3,337","3,337","3,337","3,337","0,40%"
"26.02.2021","3,324","3,324","3,324","3,324","-1,28%"
"25.02.2021","3,367","3,367","3,367","3,367","0,09%"
"24.02.2021","3,364","3,364","3,364","3,364","-1,10%"
"23.02.2021","3,401","3,401","3,401","3,401","-0,51%"
"22.02.2021","3,418","3,418","3,418","3,418","2,80%"
"19.02.2021","3,325","3,325","3,325","3,325","-0,24%"
"18.02.2021","3,333","3,333","3,333","3,333","0,17%"
"17.02.2021","3,328","3,328","3,328","3,328","-1,93%"
"12.02.2021","3,393","3,393","3,393","3,393","-0,33%"
"11.02.2021","3,404","3,404","3,404","3,404","-1,06%"
"10.02.2021","3,441","3,441","3,441","3,441","0,06%"
"09.02.2021","3,439","3,439","3,439","3,439","0,84%"
"08.02.2021","3,410","3,410","3,410","3,410","1,08%"
"05.02.2021","3,374","3,374","3,374","3,374","0,26%"
"04.02.2021","3,365","3,365","3,365","3,365","-1,34%"
"03.02.2021","3,411","3,411","3,411","3,411","-0,14%"
"02.02.2021","3,415","3,415","3,415","3,415","-3,02%"
"01.02.2021","3,522","3,522","3,522","3,522","0,24%"
"29.01.2021","3,513","3,513","3,513","3,513","1,55%"
"28.01.2021","3,460","3,460","3,460","3,460","0,57%"
"27.01.2021","3,440","3,440","3,440","3,440","-0,32%"
"26.01.2021","3,451","3,451","3,451","3,451","-2,11%"
"25.01.2021","3,526","3,526","3,526","3,526","0,46%"
"22.01.2021","3,510","3,510","3,510","3,510","1,28%"
"21.01.2021","3,465","3,465","3,465","3,465","0,86%"
"20.01.2021","3,436","3,436","3,436","3,436","0,88%"
"19.01.2021","3,406","3,406","3,406","3,406","1,20%"
"18.01.2021","3,365","3,365","3,365","3,365","0,05%"
"15.01.2021","3,364","3,364","3,364","3,364","-0,11%"
"14.01.2021","3,367","3,367","3,367","3,367","-1,87%"
"13.01.2021","3,431","3,431","3,431","3,431","-1,46%"
"12.01.2021","3,482","3,482","3,550","3,482","-1,89%"
"11.01.2021","3,550","3,550","3,550","3,550","2,32%"
"08.01.2021","3,469","3,469","3,469","3,469","-3,54%"
"07.01.2021","3,596","3,596","3,596","3,596","1,27%"
"06.01.2021","3,552","3,552","3,552","3,552","-2,25%"
"05.01.2021","3,633","3,633","3,633","3,633","2,82%"
"04.01.2021","3,534","3,534","3,534","3,534","3,35%"
"31.12.2020","3,419","3,419","3,419","3,419","0,07%"
"30.12.2020","3,417","3,417","3,417","3,417","0,42%"
"29.12.2020","3,402","3,402","3,402","3,402","-0,80%"
"28.12.2020","3,430","3,430","3,430","3,430","1,21%"
"24.12.2020","3,389","3,389","3,389","3,389","0,26%"
"23.12.2020","3,380","3,380","3,380","3,380","1,17%"
"22.12.2020","3,341","3,341","3,341","3,341","-0,47%"
"21.12.2020","3,357","3,357","3,357","3,357","0,79%"
"18.12.2020","3,331","3,331","3,331","3,331","0,44%"
"17.12.2020","3,316","3,316","3,316","3,316","0,95%"
"16.12.2020","3,285","3,285","3,285","3,285","0,66%"
"15.12.2020","3,263","3,263","3,263","3,263","1,49%"
"14.12.2020","3,215","3,224","3,224","3,215","-0,26%"
"11.12.2020","3,224","3,224","3,224","3,224","0,27%"
"10.12.2020","3,215","3,215","3,215","3,215","-1,80%"
"09.12.2020","3,274","3,274","3,274","3,274","-0,54%"
"08.12.2020","3,292","3,292","3,292","3,292","0,45%"
"07.12.2020","3,277","3,265","3,277","3,265","0,37%"
"04.12.2020","3,265","3,265","3,265","3,265","-0,27%"
"03.12.2020","3,274","3,274","3,274","3,274","-1,29%"
"02.12.2020","3,317","3,317","3,317","3,317","0,88%"
"01.12.2020","3,288","3,288","3,288","3,288","-0,25%"
"30.11.2020","3,296","3,296","3,296","3,296","-0,17%"
"27.11.2020","3,302","3,302","3,302","3,302","-0,81%"
"26.11.2020","3,329","3,329","3,329","3,329","0,00%"
"25.11.2020","3,329","3,329","3,329","3,329","-1,12%"
"24.11.2020","3,367","3,367","3,367","3,367","-2,89%"
"23.11.2020","3,467","3,467","3,467","3,467","-1,14%"
"20.11.2020","3,507","3,507","3,507","3,507","2,09%"
"19.11.2020","3,435","3,435","3,435","3,435","-0,88%"
"18.11.2020","3,466","3,466","3,466","3,466","-1,33%"
"17.11.2020","3,513","3,513","3,513","3,513","-1,44%"
"16.11.2020","3,564","3,564","3,564","3,564","-0,67%"
"13.11.2020","3,588","3,588","3,588","3,588","0,78%"
"12.11.2020","3,560","3,560","3,560","3,560","0,91%"
"11.11.2020","3,528","3,528","3,528","3,528","0,30%"
"10.11.2020","3,517","3,517","3,517","3,517","0,60%"
"09.11.2020","3,496","3,496","3,496","3,496","-5,00%"
"06.11.2020","3,680","3,680","3,680","3,680","-2,38%"
"05.11.2020","3,770","3,770","3,770","3,770","0,85%"
"04.11.2020","3,739","3,739","3,739","3,739","-2,34%"
"03.11.2020","3,828","3,828","3,828","3,828","1,84%"
"30.10.2020","3,759","3,759","3,759","3,759","0,37%"
"29.10.2020","3,746","3,746","3,746","3,746","-0,26%"
"28.10.2020","3,755","3,755","3,755","3,755","-0,48%"
"27.10.2020","3,773","3,773","3,773","3,773","1,23%"
"26.10.2020","3,728","3,728","3,728","3,728","0,07%"
"23.10.2020","3,725","3,725","3,725","3,725","0,44%"
"22.10.2020","3,708","3,708","3,708","3,708","-1,35%"
"21.10.2020","3,759","3,759","3,759","3,759","1,10%"
"20.10.2020","3,718","3,718","3,718","3,718","0,01%"
"19.10.2020","3,718","3,718","3,718","3,718","-0,54%"
"16.10.2020","3,738","3,738","3,738","3,738","0,43%"
"15.10.2020","3,722","3,722","3,722","3,722","0,27%"
"14.10.2020","3,712","3,712","3,712","3,712","0,93%"
"13.10.2020","3,677","3,677","3,677","3,677","-0,68%"
"09.10.2020","3,703","3,703","3,703","3,703","0,68%"
"08.10.2020","3,677","3,677","3,677","3,677","0,04%"
"07.10.2020","3,676","3,676","3,676","3,676","-0,22%"
"06.10.2020","3,684","3,684","3,684","3,684","-0,52%"
"05.10.2020","3,704","3,704","3,704","3,704","-1,06%"
"02.10.2020","3,743","3,743","3,743","3,743","-0,39%"
"01.10.2020","3,758","3,758","3,758","3,758","1,52%"
"30.09.2020","3,701","3,701","3,701","3,701","-0,82%"
"29.09.2020","3,732","3,732","3,732","3,732","0,99%"
"28.09.2020","3,695","3,695","3,695","3,695","2,35%"
"24.09.2020","3,610","3,610","3,610","3,610","-0,90%"
"23.09.2020","3,643","3,643","3,643","3,643","-0,27%"
"22.09.2020","3,653","3,653","3,653","3,653","1,12%"
"21.09.2020","3,612","3,612","3,612","3,612","-1,86%"
"18.09.2020","3,681","3,681","3,681","3,681","2,86%"
"17.09.2020","3,578","3,578","3,578","3,578","-0,77%"
"16.09.2020","3,606","3,606","3,606","3,606","-0,66%"
"15.09.2020","3,630","3,630","3,630","3,630","0,27%"
"14.09.2020","3,620","3,620","3,620","3,620","-0,59%"
"10.09.2020","3,642","3,642","3,642","3,642","0,66%"
"09.09.2020","3,618","3,618","3,618","3,618","-0,61%"
"08.09.2020","3,640","3,640","3,640","3,640","1,28%"
"04.09.2020","3,594","3,594","3,594","3,594","0,24%"
"03.09.2020","3,586","3,586","3,586","3,586","-1,72%"
"02.09.2020","3,648","3,648","3,648","3,648","-2,16%"
"01.09.2020","3,729","3,729","3,729","3,729","-1,43%"
"31.08.2020","3,783","3,783","3,783","3,783","1,15%"
"28.08.2020","3,740","3,740","3,740","3,740","-1,64%"
"24.08.2020","3,802","3,802","3,802","3,802","0,00%"
"20.08.2020","3,802","3,802","3,802","3,802","0,25%"
"19.08.2020","3,792","3,792","3,792","3,792","-1,64%"
"18.08.2020","3,855","3,855","3,855","3,855","0,37%"
"17.08.2020","3,841","3,841","3,841","3,841","3,60%"
"14.08.2020","3,708","3,708","3,708","3,708","0,25%"
"13.08.2020","3,698","3,698","3,698","3,698","-0,37%"
"12.08.2020","3,712","3,712","3,712","3,712","1,02%"
"11.08.2020","3,675","3,675","3,675","3,675","-5,72%"
"10.08.2020","3,897","3,897","3,897","3,897","1,24%"
"07.08.2020","3,850","3,850","3,850","3,850","-0,63%"
"06.08.2020","3,874","3,874","3,874","3,874","1,58%"
"05.08.2020","3,814","3,814","3,814","3,814","1,52%"
"04.08.2020","3,757","3,757","3,757","3,757","1,64%"
"03.08.2020","3,697","3,697","3,697","3,697","2,09%"
"31.07.2020","3,621","3,621","3,621","3,621","2,06%"
"30.07.2020","3,548","3,548","3,548","3,548","-0,63%"
"29.07.2020","3,570","3,570","3,570","3,570","0,34%"
"28.07.2020","3,558","3,558","3,558","3,558","0,72%"
"27.07.2020","3,533","3,533","3,533","3,533","1,04%"
"24.07.2020","3,496","3,496","3,496","3,496","0,55%"
"23.07.2020","3,477","3,477","3,477","3,477","3,02%"
"22.07.2020","3,375","3,375","3,375","3,375","-0,34%"
"21.07.2020","3,387","3,387","3,387","3,387","-1,61%"
"20.07.2020","3,442","3,442","3,442","3,442","-0,65%"
"17.07.2020","3,464","3,464","3,464","3,464","2,01%"
"16.07.2020","3,396","3,396","3,396","3,396","-1,65%"
"15.07.2020","3,453","3,453","3,453","3,453","0,62%"
"14.07.2020","3,432","3,432","3,432","3,432","-0,54%"
"13.07.2020","3,450","3,450","3,450","3,450","1,33%"
"10.07.2020","3,405","3,405","3,405","3,405","-0,67%"
"09.07.2020","3,428","3,428","3,428","3,428","-0,43%"
"08.07.2020","3,443","3,443","3,443","3,443","0,00%"
"07.07.2020","3,443","3,443","3,443","3,443","1,33%"
"06.07.2020","3,398","3,398","3,398","3,398","0,81%"
"03.07.2020","3,371","3,371","3,371","3,371","-0,57%"
"02.07.2020","3,390","3,390","3,390","3,390","0,79%"
"01.07.2020","3,364","3,364","3,364","3,364","-2,91%"
"30.06.2020","3,464","3,464","3,464","3,464","1,32%"
"29.06.2020","3,419","3,419","3,419","3,419","-0,94%"
"26.06.2020","3,452","3,452","3,452","3,452","2,89%"
"25.06.2020","3,355","3,355","3,355","3,355","0,41%"
"24.06.2020","3,341","3,341","3,341","3,341","2,98%"
"23.06.2020","3,244","3,244","3,244","3,244","-1,56%"
"22.06.2020","3,296","3,296","3,296","3,296","-0,05%"
"19.06.2020","3,297","3,297","3,297","3,297","0,13%"
"18.06.2020","3,293","3,293","3,293","3,293","1,89%"
"17.06.2020","3,232","3,232","3,232","3,232","0,97%"
"16.06.2020","3,201","3,201","3,201","3,201","1,58%"
"15.06.2020","3,151","3,151","3,151","3,151","4,11%"
"10.06.2020","3,027","3,027","3,027","3,027","1,02%"
"09.06.2020","2,996","2,996","2,996","2,996","1,64%"
"08.06.2020","2,948","2,948","2,948","2,948","-0,84%"
"05.06.2020","2,973","2,973","2,973","2,973","-4,96%"
"04.06.2020","3,128","3,128","3,128","3,128","1,48%"
"03.06.2020","3,082","3,082","3,082","3,082","-4,12%"
"02.06.2020","3,215","3,215","3,215","3,215","-3,98%"
"01.06.2020","3,348","3,348","3,348","3,348","0,66%"
"29.05.2020","3,326","3,326","3,326","3,326","0,89%"
"28.05.2020","3,297","3,297","3,297","3,297","1,59%"
"27.05.2020","3,245","3,245","3,245","3,245","-1,25%"
"26.05.2020","3,286","3,286","3,286","3,286","-3,95%"
"25.05.2020","3,421","3,421","3,421","3,421","-2,20%"
"22.05.2020","3,498","3,498","3,498","3,498","0,52%"
"21.05.2020","3,480","3,480","3,480","3,480","-3,54%"
"20.05.2020","3,608","3,608","3,608","3,608","-0,40%"
"19.05.2020","3,622","3,622","3,622","3,622","1,38%"
"18.05.2020","3,573","3,573","3,573","3,573","-3,26%"
"15.05.2020","3,693","3,693","3,693","3,693","-0,06%"
"14.05.2020","3,695","3,695","3,695","3,695","0,99%"
"13.05.2020","3,659","3,659","3,659","3,659","1,12%"
"12.05.2020","3,618","3,618","3,618","3,618","1,74%"
"11.05.2020","3,557","3,557","3,557","3,557","0,78%"
"08.05.2020","3,529","3,529","3,529","3,529","-2,05%"
"07.05.2020","3,603","3,603","3,603","3,603","4,26%"
"06.05.2020","3,456","3,456","3,456","3,456","0,96%"
"05.05.2020","3,423","3,423","3,423","3,423","0,37%"
"04.05.2020","3,411","3,411","3,411","3,411","-0,04%"
"28.04.2020","3,412","3,412","3,412","3,412","-3,91%"
"27.04.2020","3,551","3,551","3,551","3,551","0,04%"
"24.04.2020","3,549","3,549","3,549","3,549","0,74%"
"23.04.2020","3,523","3,523","3,523","3,523","1,52%"
"22.04.2020","3,470","3,470","3,470","3,470","2,61%"
"20.04.2020","3,382","3,382","3,382","3,382","2,27%"
"17.04.2020","3,307","3,307","3,307","3,307","-1,72%"
"16.04.2020","3,365","3,365","3,365","3,365","2,04%"
"15.04.2020","3,298","3,298","3,298","3,298","0,70%"
"14.04.2020","3,275","3,275","3,275","3,275","0,70%"
"13.04.2020","3,252","3,252","3,252","3,252","1,66%"
"09.04.2020","3,199","3,199","3,199","3,199","3,57%"
"08.04.2020","3,089","3,089","3,089","3,089","-1,60%"
"07.04.2020","3,139","3,139","3,139","3,139","-1,83%"
"06.04.2020","3,198","3,198","3,198","3,198","2,02%"
"03.04.2020","3,134","3,134","3,134","3,134","1,55%"
"02.04.2020","3,087","3,087","3,087","3,087","2,16%"
"01.04.2020","3,021","3,021","3,021","3,021","1,12%"
"31.03.2020","2,988","2,988","2,988","2,988","-2,17%"
"30.03.2020","3,054","3,054","3,054","3,054","1,51%"
"27.03.2020","3,009","3,009","3,009","3,009","1,44%"
"26.03.2020","2,966","2,966","2,966","2,966","2,40%"
"25.03.2020","2,897","2,897","2,897","2,897","-3,20%"
"24.03.2020","2,992","2,992","2,992","2,992","3,88%"
"23.03.2020","2,880","2,880","2,880","2,880","6,10%"
"20.03.2020","2,715","2,715","2,715","2,715","-0,28%"
"19.03.2020","2,722","2,722","2,722","2,722","-1,43%"
"18.03.2020","2,762","2,762","2,762","2,762","0,27%"
"17.03.2020","2,755","2,755","2,755","2,755","1,55%"
"16.03.2020","2,713","2,713","2,713","2,713","-0,19%"
"13.03.2020","2,718","2,718","2,718","2,718","-1,99%"
"12.03.2020","2,773","2,773","2,773","2,773","-1,66%"
"11.03.2020","2,820","2,820","2,820","2,820","1,57%"
"10.03.2020","2,776","2,776","2,776","2,776","-3,18%"
"09.03.2020","2,867","2,867","2,867","2,867","3,11%"
"06.03.2020","2,781","2,781","2,781","2,781","-0,14%"
"05.03.2020","2,785","2,785","2,785","2,785","3,35%"
"04.03.2020","2,694","2,694","2,694","2,694","0,88%"
"03.03.2020","2,671","2,671","2,671","2,671","3,39%"
"02.03.2020","2,583","2,583","2,583","2,583","0,20%"
"28.02.2020","2,578","2,578","2,578","2,578","-4,32%"
"27.02.2020","2,694","2,694","2,694","2,694","0,15%"
"26.02.2020","2,691","2,691","2,691","2,691","2,02%"
"21.02.2020","2,637","2,637","2,637","2,637","2,34%"
"20.02.2020","2,577","2,577","2,577","2,577","0,87%"
"19.02.2020","2,555","2,555","2,555","2,555","0,58%"
"18.02.2020","2,540","2,540","2,540","2,540","2,20%"
"17.02.2020","2,485","2,485","2,485","2,485","0,00%"
"14.02.2020","2,486","2,486","2,486","2,486","0,03%"
"13.02.2020","2,485","2,485","2,485","2,485","0,36%"
"12.02.2020","2,476","2,476","2,476","2,476","-0,20%"
"11.02.2020","2,481","2,481","2,481","2,481","-0,05%"
"10.02.2020","2,482","2,482","2,482","2,482","0,30%"
"07.02.2020","2,475","2,475","2,475","2,475","0,46%"
"06.02.2020","2,463","2,463","2,463","2,463","0,60%"
"05.02.2020","2,448","2,448","2,448","2,448","0,41%"
"04.02.2020","2,439","2,439","2,439","2,439","-0,89%"
"31.01.2020","2,460","2,460","2,460","2,460","-0,20%"
"30.01.2020","2,465","2,465","2,465","2,465","1,45%"
"29.01.2020","2,430","2,430","2,430","2,430","0,43%"
"28.01.2020","2,420","2,420","2,420","2,420","-0,67%"
"27.01.2020","2,436","2,436","2,436","2,436","1,39%"
"24.01.2020","2,403","2,403","2,403","2,403","-0,41%"
"23.01.2020","2,412","2,412","2,412","2,412","0,00%"
"22.01.2020","2,413","2,413","2,413","2,413","-0,30%"
"21.01.2020","2,420","2,420","2,420","2,420","0,24%"
"20.01.2020","2,414","2,414","2,414","2,414","0,69%"
"17.01.2020","2,398","2,398","2,398","2,398","-0,72%"
"16.01.2020","2,415","2,415","2,415","2,415","-0,05%"
"15.01.2020","2,416","2,416","2,416","2,416","0,25%"
"14.01.2020","2,410","2,410","2,410","2,410","-0,12%"
"13.01.2020","2,413","2,413","2,413","2,413","0,58%"
"10.01.2020","2,399","2,399","2,399","2,399","0,14%"
"09.01.2020","2,396","2,396","2,396","2,396","0,34%"
"08.01.2020","2,387","2,387","2,387","2,387","-0,36%"
"07.01.2020","2,396","2,396","2,396","2,396","0,64%"
"06.01.2020","2,381","2,381","2,381","2,381","0,65%"
"03.01.2020","2,365","2,365","2,365","2,365","2,77%"
"02.01.2020","2,302","2,302","2,302","2,302","0,54%"